<PAMDataset>
  <PAMRasterBand band="1">
    <Histograms>
      <HistItem>
        <HistMin>-0.4761904761904762</HistMin>
        <HistMax>20.47619047619047</HistMax>
        <BucketCount>21</BucketCount>
        <IncludeOutOfRange>0</IncludeOutOfRange>
        <Approximate>0</Approximate>
        <HistCounts>2380|5667|109910|9|26884|2788|71109|58096|32918|22628|13623|4606|874|57|85|42|40|82|48|6|50228</HistCounts>
      </HistItem>
    </Histograms>
    <Metadata>
      <MDI key="STATISTICS_MAXIMUM">20</MDI>
      <MDI key="STATISTICS_MEAN">7.1001517111023</MDI>
      <MDI key="STATISTICS_MINIMUM">0</MDI>
      <MDI key="STATISTICS_STDDEV">5.5187165688693</MDI>
    </Metadata>
  </PAMRasterBand>
</PAMDataset>
